,TIME,USER
1,55.52422,START_RECORDING 100
2,55.54046,START_RECORDING 100
3,55.55647,START_RECORDING 100
4,55.57299,START_RECORDING 100
5,55.58952,START_RECORDING 100
6,55.60696,START_RECORDING 100
7,55.62228,START_RECORDING 100
8,55.63925,START_RECORDING 100
9,55.65560,START_RECORDING 100
10,55.67151,START_RECORDING 100
11,55.68812,START_RECORDING 100
12,55.70440,START_RECORDING 100
13,55.72134,START_RECORDING 100
14,55.73728,START_RECORDING 100
15,55.75515,START_RECORDING 100
16,55.77061,START_RECORDING 100
17,55.78667,START_RECORDING 100
18,55.80545,START_RECORDING 100
19,55.81962,START_RECORDING 100
20,55.83745,START_RECORDING 100
21,55.86738,START_RECORDING 100
22,55.89756,START_RECORDING 100
23,55.92654,START_RECORDING 100
24,55.94712,START_RECORDING 100
25,55.95103,START_RECORDING 100
26,55.95403,START_RECORDING 100
27,55.96744,START_RECORDING 100
28,55.98384,START_RECORDING 100
29,56.01550,START_RECORDING 100
30,56.02417,START_RECORDING 100
31,56.03298,START_RECORDING 100
32,56.06845,START_RECORDING 100
33,56.08281,START_RECORDING 100
34,56.08512,START_RECORDING 100
35,56.10054,START_RECORDING 100
36,56.11515,START_RECORDING 100
37,56.13158,START_RECORDING 100
38,56.14968,START_RECORDING 100
39,56.16558,START_RECORDING 100
40,56.18102,START_RECORDING 100
41,56.20127,START_RECORDING 100
42,56.24327,START_RECORDING 100
43,56.26431,START_RECORDING 100
44,56.27213,START_RECORDING 100
45,56.33806,START_RECORDING 100
46,56.37426,START_RECORDING 100
47,56.38071,START_RECORDING 100
48,56.38401,START_RECORDING 100
49,56.38903,START_RECORDING 100
50,56.39435,START_RECORDING 100
51,56.40620,START_RECORDING 100
52,56.41592,START_RECORDING 100
53,56.48400,START_RECORDING 100
54,56.51471,START_RECORDING 100
55,56.55314,START_RECORDING 100
56,56.58315,START_RECORDING 100
57,56.58714,START_RECORDING 100
58,56.58879,START_RECORDING 100
59,56.59231,START_RECORDING 100
60,56.59617,START_RECORDING 100
61,56.59788,START_RECORDING 100
62,56.59980,START_RECORDING 100
63,56.60125,START_RECORDING 100
64,56.60291,START_RECORDING 100
65,56.60886,START_RECORDING 100
66,56.62456,START_RECORDING 100
67,56.64394,START_RECORDING 100
68,56.65934,START_RECORDING 100
69,56.6659,
91,57.3388,
92,57.34677,67
93,57.352,
94,57.36003,53
95,57.36270,53
96,57.3583,
97,57.36633,51
98,57.38027,51
99,57.3738,
100,57.38182,50
101,57.38329,50
102,57.3769,
103,57.38488,49
104,57.38675,49
105,57.39658,49
106,57.41353,49
107,57.4215,
108,57.42951,48
109,57.4379,
110,57.44594,45
111,57.46226,45
112,57.4723,
113,57.48030,44
114,57.49604,44
115,57.51593,44
116,57.55974,44
117,57.57209,44
118,57.57426,44
119,57.58945,44
120,57.59383,44
121,57.61015,44
122,57.62662,44
123,57.64322,44
124,57.65942,44
125,57.67597,44
126,57.69226,44
127,57.71000,44
128,57.72515,44
129,57.74356,44
130,57.75802,44
131,57.77454,44
132,57.79340,44
133,57.80731,44
134,57.82456,44
135,57.84116,44
136,57.85689,44
137,57.88303,44
138,57.88976,44
139,57.90664,44
140,57.92278,44
141,57.93926,44
142,57.95518,44
143,57.97552,44
144,57.98927,44
145,58.00444,44
146,58.02348,44
147,58.04037,44
148,58.05376,44
149,58.07014,44
150,58.08660,44
151,58.10317,44
152,58.11949,44
153,58.14133,44
154,58.15742,44
155,58.16899,44
156,58.18999,44
157,58.20395,44
158,58.21823,44
159,58.23467,44
160,58.25191,44
161,58.26738,44
162,58.28389,44
163,58.30182,44
164,58.31652,44
165,58.35312,44
166,58.35916,44
167,58.39642,44
168,58.40099,44
169,58.40266,44
170,58.41544,44
171,58.43478,44
172,58.44795,44
173,58.46451,44
174,58.48814,44
175,58.49805,44
176,58.51431,44
177,58.53379,44
178,58.54772,44
179,58.56536,44
180,58.57947,44
181,58.59608,44
182,58.61234,44
183,58.62878,44
184,58.64530,44
185,58.66512,44
186,58.68098,44
187,58.69450,44
188,58.72482,44
189,58.72904,44
190,58.74373,44
191,58.76010,44
192,58.77660,44
193,58.79309,44
194,58.80943,44
195,58.82600,44
196,58.84232,44
197,58.85874,44
198,58.87518,44
199,58.91619,44
200,58.92129,44
201,58.92849,44
202,58.95046,44
203,58.95908,44
204,58.97384,44
205,58.99419,44
206,59.00666,44
207,59.02313,44
208,59.03947,44
209,59.05595,44
210,59.07233,44
211,59.08886,44
212,59.10516,44
213,59.12164,44
214,59.14071,44
215,59.15505,44
216,59.17125,44
217,59.18810,44
218,59.20380,44
219,59.22045,44
220,59.23660,44
221,59.29792,44
222,59.31719,44
223,59.32851,44
224,59.36316,44
225,59.38232,44
226,59.39416,44
227,59.39808,44
228,59.40099,44
229,59.40454,44
230,59.40607,44
231,59.45198,44
232,59.46496,44
233,59.48962,44
234,59.50096,44
235,59.53216,44
236,59.53529,44
237,59.56407,44
238,59.57304,44
239,59.58842,44
240,59.60032,44
241,59.61383,44
242,59.62155,44
243,59.63091,44
244,59.63299,44
245,59.65117,44
246,59.66389,44
247,59.68018,44
248,59.70945,44
249,59.72712,44
250,59.73404,44
251,59.75314,44
252,59.76575,44
253,59.78096,44
254,59.79538,44
255,59.81167,44
256,59.82798,44
257,59.84475,44
258,59.86095,44
259,59.87987,44
260,59.89422,44
261,59.91015,44
262,59.92675,44
263,59.94722,44
264,59.96036,44
265,59.98237,44
266,59.99542,44
267,60.00923,44
268,60.02789,44
269,60.04183,44
270,60.05806,44
271,60.07444,44
272,60.09095,44
273,60.10731,44
274,60.12383,44
275,60.14020,44
276,60.15663,44
277,60.17302,44
278,60.18941,44
279,60.20596,44
280,60.24200,44
281,60.24517,44
282,60.26905,44
283,60.27786,44
284,60.28854,44
285,60.32655,44
286,60.33418,44
287,60.34330,44
288,60.36687,44
289,60.37143,44
290,60.38694,44
291,60.41133,44
292,60.42500,44
293,60.43903,44
294,60.45733,44
295,60.46869,44
296,60.48533,44
297,60.50168,44
298,60.51814,44
299,60.54043,44
300,60.55103,44
301,60.56739,44
302,60.58422,44
303,60.60028,44
304,60.61670,44
305,60.64029,44
306,60.65398,44
307,60.66791,44
308,60.68418,44
309,60.69881,44
310,60.71515,44
311,60.73777,44
312,60.74802,44
313,60.76455,44
314,60.78432,44
315,60.79936,44
316,60.81378,44
317,60.83015,44
318,60.84703,44
319,60.86315,44
320,60.87959,44
321,60.89597,44
322,60.91443,44
323,60.92883,44
324,60.94844,44
325,60.96232,44
326,60.97813,44
327,60.99458,44
328,61.01297,44
329,61.03272,44
330,61.06719,44
331,61.08540,44
332,61.10149,44
333,61.12011,44
334,61.14508,44
335,61.16428,44
336,61.18319,44
337,61.19212,44
338,61.21243,44
339,61.23096,44
340,61.24886,44
341,61.26485,44
342,61.27815,44
343,61.29219,44
344,61.30673,44
345,61.32301,44
346,61.33945,44
347,61.35606,44
348,61.37225,44
349,61.38881,44
350,61.40564,44
351,61.42205,44
352,61.43817,44
353,61.45453,44
354,61.47221,44
355,61.49290,44
356,61.50368,44
357,61.52071,44
358,61.53665,44
359,61.55297,44
360,61.57007,44
361,61.58649,44
362,61.60253,44
363,61.61965,44
364,61.63541,44
365,61.65170,44
366,61.67002,44
367,61.68454,44
368,61.70317,44
369,61.72367,44
370,61.73373,44
371,61.75700,44
372,61.76705,44
373,61.78310,44
374,61.79958,44
375,61.81917,44
376,61.83232,44
377,61.85632,44
378,61.86517,44
379,61.88172,44
380,61.90794,44
381,61.91586,44
382,62.00629,44
383,62.02342,44
384,62.0211,
385,62.02911,45
386,62.04478,45
387,62.05856,45
388,62.06276,45
389,62.06654,45
390,62.07100,45
391,62.08707,45
392,62.0872,
393,62.09522,44
394,62.11168,44
395,62.13292,44
396,62.15399,44
397,62.16203,44
398,62.18206,44
399,62.20018,44
400,62.24474,44
401,62.2514,
402,62.25943,45
403,62.28030,45
404,62.29661,45
405,62.30993,45
406,62.33089,45
407,62.34504,45
408,62.3681,
409,62.37608,44
410,62.3743,
411,62.38230,45
412,62.39204,45
413,62.4089,
414,62.41689,44
415,62.4163,
416,62.42427,45
417,62.44029,45
418,62.45850,45
419,62.4694,
420,62.47742,44
421,62.49055,44
422,62.51318,44
423,62.52294,44
424,62.5307,
425,62.53870,45
426,62.55942,45
427,62.57207,45
428,62.59909,45
429,62.60846,45
430,62.62098,45
431,62.63758,45
432,62.65942,45
433,62.67241,45
434,62.70613,45
435,62.71369,45
436,62.72646,45
437,62.76355,45
438,62.7645,
439,62.77254,44
440,62.79201,44
441,62.7875,
442,62.79552,45
443,62.80639,45
444,62.82156,45
445,62.8511,
446,62.85909,44
447,62.87007,44
448,62.8885,
449,62.89654,45
450,62.90825,45
451,62.91108,45
452,62.92570,45
453,62.93666,45
454,62.9415,
455,62.94955,44
456,62.9581,
457,62.96605,45
458,62.9797,
459,62.98767,44
460,62.99932,44
461,63.01914,44
462,63.04082,44
463,63.08882,44
464,63.09377,44
465,63.09801,44
466,63.0989,
467,63.10688,45
468,63.12376,45
469,63.13153,45
470,63.14705,45
471,63.1576,
472,63.16555,44
473,63.17955,44
474,63.19601,44
475,63.2058,
476,63.21381,45
477,63.22873,45
478,63.24516,45
479,63.26424,45
480,63.27812,45
481,63.29459,45
482,63.31253,45
483,63.33374,45
484,63.34761,45
485,63.36405,45
486,63.37672,45
487,63.39319,45
488,63.41441,45
489,63.42613,45
490,63.44297,45
491,63.45882,45
492,63.47518,45
493,63.49160,45
494,63.50816,45
495,63.52446,45
496,63.54094,45
497,63.55729,45
498,63.57371,45
499,63.59024,45
500,63.60660,45
501,63.62314,45
502,63.63948,45
503,63.65600,45
504,63.67257,45
505,63.68880,45
506,63.70526,45
507,63.72348,45
508,63.73800,45
509,63.75446,45
510,63.77242,45
511,63.78741,45
512,63.80386,45
513,63.82029,45
514,63.83669,45
515,63.85314,45
516,63.86946,45
517,63.88588,45
518,63.90231,45
519,63.92877,45
520,63.94351,45
521,63.95417,45
522,63.97281,45
523,63.98466,45
524,64.00094,45
525,64.01741,45
526,64.03437,45
527,64.05028,45
528,64.06682,45
529,64.08314,45
530,64.09953,45
531,64.11583,45
532,64.13235,45
533,64.14870,45
534,64.16515,45
535,64.18169,45
536,64.20007,45
537,64.21455,45
538,64.23102,45
539,64.24781,45
540,64.26385,45
541,64.28024,45
542,64.29666,45
543,64.31312,45
544,64.32941,45
545,64.34595,45
546,64.36234,45
547,64.37881,45
548,64.39523,45
549,64.41166,45
550,64.42808,45
551,64.44449,45
552,64.46091,45
553,64.47840,45
554,64.49377,45
555,64.51022,45
556,64.52693,45
557,64.54719,45
558,64.56166,45
559,64.58194,45
560,64.59236,45
561,64.60873,45
562,64.63419,45
563,64.64172,45
564,64.65826,45
565,64.67605,45
566,64.69096,45
567,64.70739,45
568,64.72386,45
569,64.74025,45
570,64.75669,45
571,64.77310,45
572,64.78940,45
573,64.80589,45
574,64.82246,45
575,64.83872,45
576,64.85533,45
577,64.87160,45
578,64.88814,45
579,64.90447,45
580,64.96312,45
581,64.97150,45
582,64.98685,45
583,65.01305,45
584,65.02528,45
585,65.05303,45
586,65.05645,45
587,65.07410,45
588,65.08987,45
589,65.10209,45
590,65.11811,45
591,65.13578,45
592,65.15089,45
593,65.16727,45
594,65.18455,45
595,65.20026,45
596,65.21713,45
597,65.23327,45
598,65.24979,45
599,65.26614,45
600,65.28312,45
601,65.29884,45
602,65.31820,45
603,65.33156,45
604,65.34927,45
605,65.36499,45
606,65.38083,45
607,65.39735,45
608,65.41383,45
609,65.43012,45
610,65.44659,45
611,65.46298,45
612,65.47943,45
613,65.49590,45
614,65.51239,45
615,65.52868,45
616,65.54513,45
617,65.56217,45
618,65.57825,45
619,65.60038,45
620,65.61083,45
621,65.62745,45
622,65.64374,45
623,65.66012,45
624,65.67657,45
625,65.69302,45
626,65.70956,45
627,65.72588,45
628,65.74535,45
629,65.75871,45
630,65.77513,45
631,65.79157,45
632,65.80820,45
633,65.82443,45
634,65.84749,45
635,65.85734,45
636,65.87398,45
637,65.89090,45
638,65.90660,45
639,65.92322,45
640,65.93946,45
641,65.95602,45
642,65.97225,45
643,65.98877,45
644,66.00521,45
645,66.02266,45
646,66.03844,45
647,66.05446,45
648,66.07090,45
649,66.08746,45
650,66.10384,45
651,66.13055,45
652,66.13670,45
653,66.15306,45
654,66.17075,45
655,66.18595,45
656,66.20273,45
657,66.21873,45
658,66.23513,45
659,66.25503,45
660,66.26871,45
661,66.28459,45
662,66.30106,45
663,66.31733,45
664,66.33376,45
665,66.35280,45
666,66.36677,45
667,66.38300,45
668,66.40002,45
669,66.41666,45
670,66.43250,45
671,66.44926,45
672,66.46597,45
673,66.48172,45
674,66.49872,45
675,66.51447,45
676,66.53117,45
677,66.54734,45
678,66.56380,45
679,66.58031,45
680,66.59663,45
681,66.61308,45
682,66.62950,45
683,66.64597,45
684,66.66224,45
685,66.67876,45
686,66.69524,45
687,66.71156,45
688,66.72801,45
689,66.74445,45
690,66.76095,45
691,66.77731,45
692,66.79371,45
693,66.81230,45
694,66.82735,45
695,66.84303,45
696,66.87528,45
697,66.87804,45
698,66.89233,45
699,66.91088,45
700,66.92514,45
701,66.94158,45
702,66.95821,45
703,66.97453,45
704,66.99089,45
705,67.00733,45
706,67.02383,45
707,67.04020,45
708,67.05656,45
709,67.07298,45
710,67.08945,45
711,67.10590,45
712,67.12239,45
713,67.13870,45
714,67.15693,45
715,67.17171,45
716,67.20770,45
717,67.20987,45
718,67.22901,45
719,67.24289,45
720,67.2469,
721,67.25486,44
722,67.27197,44
723,67.28669,44
724,67.2954,
725,67.30341,45
726,67.3116,
727,67.31957,44
728,67.328,
729,67.33597,45
730,67.35226,45
731,67.3607,
732,67.36874,44
733,67.3772,
734,67.38523,45
735,67.3936,
736,67.40161,44
737,67.42176,44
738,67.44338,44
739,67.45467,44
740,67.47086,44
741,67.4987,
742,67.50666,45
743,67.5003,
744,67.50831,44
745,67.51830,44
746,67.54293,44
747,67.55040,44
748,67.57948,44
749,67.59620,44
750,67.60465,44
751,67.63271,44
752,67.63966,44
753,67.65363,44
754,67.67558,44
755,67.69543,44
756,67.70435,44
757,67.73316,44
758,67.73634,44
759,67.74778,44
760,67.77429,44
761,67.79018,44
762,67.80231,44
763,67.84383,44
764,67.88262,44
765,67.88860,44
766,67.89141,44
767,67.89445,44
768,67.91094,44
769,67.96018,44
770,68.01279,44
771,68.02349,44
772,68.07152,44
773,68.07438,44
774,68.07732,44
775,68.08119,44
776,68.09845,44
777,68.11240,44
778,68.12461,44
779,68.14957,44
780,68.1497,
781,68.15765,17
782,68.17377,17
783,68.1833,
784,68.19129,-1
785,68.1987,
786,68.20665,570
787,68.215,
788,68.22300,440
789,68.2316,
790,68.23959,308
791,68.2481,
792,68.25607,237
793,68.2644,
794,68.27241,152
795,68.2808,
796,68.28878,155
797,68.2974,
798,68.30542,112
799,68.3187,
800,68.32674,9
801,68.3315,
802,68.33953,40
803,68.3466,
804,68.35458,38
805,68.3661,
806,68.37408,49
807,68.3793,
808,68.38730,17
809,68.3959,
810,68.40395,70
811,68.4131,
812,68.42114,34
813,68.4286,
814,68.43655,25
815,68.445,
816,68.45301,49
817,68.46960,49
818,68.48588,49
819,68.50248,49
820,68.512,
821,68.52001,69
822,68.5272,
823,68.53520,41
824,68.5436,
825,68.55160,40
826,68.56,
827,68.56799,29
828,68.5768,
829,68.58477,55
830,68.594,
831,68.60204,72
832,68.6093,
833,68.61726,81
834,68.626,
835,68.63401,60
836,68.6423,
837,68.65026,90
838,68.6586,
839,68.66656,55
840,68.675,
841,68.68305,59
842,68.6928,
843,68.70078,4
844,68.7079,
845,68.71585,89
846,68.7243,
847,68.73230,106
848,68.7408,
849,68.74882,73
850,68.76732,73
851,68.7737,
852,68.78169,55
853,68.7901,
854,68.79806,11
855,68.807,
856,68.81496,43
857,68.8229,
858,68.83092,42
859,68.8398,
860,68.84783,19
861,68.8558,
862,68.86384,80
863,68.875,
864,68.88303,13
865,68.8894,
866,68.89735,45
867,68.9051,
868,68.91308,17
869,68.9232,
870,68.93121,43
871,68.9381,
872,68.94609,38
873,68.9545,
874,68.96246,121
875,68.9708,
876,68.97884,60
877,68.9871,
878,68.99513,37
879,69.0038,
880,69.01176,10
881,69.0324,
882,69.04044,36
883,69.0459,
884,69.05390,56
885,69.053,
886,69.06097,12
887,69.0695,
888,69.07746,41
889,69.0859,
890,69.09387,72
891,69.1022,
892,69.11021,88
893,69.1186,
894,69.12658,61
895,69.1351,
896,69.14309,27
897,69.1523,
898,69.16030,9
899,69.168,
900,69.17598,65
901,69.1844,
902,69.19237,51
903,69.2011,
904,69.20906,101
905,69.2176,
906,69.22559,52
907,69.2336,
908,69.24161,23
909,69.2505,
910,69.25854,11
911,69.2666,
912,69.27460,112
913,69.2829,
914,69.29091,23
915,69.2993,
916,69.30733,-8
917,69.3157,
918,69.32372,19
919,69.35554,19
920,69.3512,
921,69.35916,35
922,69.40599,35
923,69.412,
924,69.41997,120
925,69.42731,120
926,69.4228,
927,69.43081,61
928,69.44680,61
929,69.4484,
930,69.45636,59
931,69.47171,59
932,69.4808,
933,69.48879,68
934,69.50449,68
935,69.5128,
936,69.52081,69
937,69.5297,
938,69.53765,53
939,69.5458,
940,69.55384,97
941,69.5623,
942,69.57027,33
943,69.5788,
944,69.58684,34
945,69.5951,
946,69.60310,-9
947,69.6114,
948,69.61944,32
949,69.6279,
950,69.63594,19
951,69.6444,
952,69.65239,-25
953,69.6607,
954,69.66873,13
955,69.6786,
956,69.68657,38
957,69.6936,
958,69.70155,41
959,69.7101,
960,69.71812,-12
961,69.7268,
962,69.73475,86
963,69.743,
964,69.75101,125
965,69.7593,
966,69.76727,51
967,69.7769,
968,69.78487,55
969,69.7922,
970,69.80019,53
971,69.81675,53
972,69.8271,
973,69.83507,40
974,69.8415,
975,69.84948,43
976,69.86589,43
977,69.8744,
978,69.88235,52
979,69.8908,
980,69.89875,54
981,69.9072,
982,69.91515,69
983,69.9236,
984,69.93163,24
985,69.9401,
986,69.94814,27
987,69.9565,
988,69.96447,12
989,69.973,
990,69.98096,48
991,69.9896,
992,69.99763,64
993,70.0058,
994,70.01376,32
995,70.0277,
996,70.03567,13
997,70.043,
998,70.05104,44
999,70.0555,
1000,70.06352,35
1001,70.077,
1002,70.08500,28
1003,70.0884,
1004,70.09642,29
1005,70.1046,
1006,70.11261,34
1007,70.125,
1008,70.13297,38
1009,70.1386,
1010,70.14658,26
1011,70.1537,
1012,70.16171,60
1013,70.1701,
1014,70.17813,37
1015,70.1864,
1016,70.19444,42
1017,70.21098,42
1018,70.2193,
1019,70.22728,61
1020,70.2357,
1021,70.24371,68
1022,70.2522,
1023,70.26020,60
1024,70.2686,
1025,70.27660,42
1026,70.2879,
1027,70.29587,44
1028,70.3021,
1029,70.31007,50
1030,70.318,
1031,70.32603,53
1032,70.34357,53
1033,70.3508,
1034,70.35875,58
1035,70.3672,
1036,70.37521,20
1037,70.3857,
1038,70.39371,77
1039,70.4,
1040,70.40804,49
1041,70.4164,
1042,70.42442,24
1043,70.4372,
1044,70.44518,28
1045,70.4494,
1046,70.45735,27
1047,70.47378,27
1048,70.4962,
1049,70.50424,19
1050,70.4991,
1051,70.50712,129
1052,70.515,
1053,70.52302,109
1054,70.5316,
1055,70.53957,96
1056,70.5479,
1057,70.55591,49
1058,70.57333,49
1059,70.58913,49
1060,70.5972,
1061,70.60522,93
1062,70.6214,
1063,70.62936,132
1064,70.6302,
1065,70.63819,11
1066,70.6472,
1067,70.65520,87
1068,70.663,
1069,70.67098,-23
1070,70.6794,
1071,70.68741,-4
1072,70.6958,
1073,70.70376,7
1074,70.7133,
1075,70.72130,12
1076,70.7286,
1077,70.73660,36
1078,70.745,
1079,70.75301,52
1080,70.7616,
1081,70.76959,65
1082,70.7779,
1083,70.78591,38
1084,70.7943,
1085,70.80231,40
1086,70.81886,40
1087,70.8272,
1088,70.83521,28
1089,70.8438,
1090,70.85178,68
1091,70.8613,
1092,70.86934,19
1093,70.8766,
1094,70.88461,5
1095,70.8975,
1096,70.90551,50
1097,70.9096,
1098,70.91763,35
1099,70.932,
1100,70.94002,7
1101,70.9598,
1102,70.96778,-5
1103,70.9627,
1104,70.97074,50
1105,70.98445,50
1106,70.9932,
1107,71.00116,136
1108,71.0086,
1109,71.01659,96
1110,71.0251,
1111,71.03313,92
1112,71.0452,
1113,71.05322,70
1114,71.0572,
1115,71.06517,65
1116,71.0736,
1117,71.08160,149
1118,71.0901,
1119,71.09811,225
1120,71.1067,
1121,71.11472,-39
1122,71.1283,
1123,71.13628,-182
1124,71.14,
1125,71.14801,-136
1126,71.1559,
1127,71.16386,-83
1128,71.1727,
1129,71.18065,-60
1130,71.1886,
1131,71.19662,3
1132,71.2051,
1133,71.21307,26
1134,71.2223,
1135,71.23026,22
1136,71.2381,
1137,71.24606,23
1138,71.2544,
1139,71.26238,66
1140,71.2712,
1141,71.27922,86
1142,71.2874,
1143,71.29541,57
1144,71.31326,57
1145,71.32930,57
1146,71.3378,
1147,71.34581,70
1148,71.3585,
1149,71.36650,81
1150,71.37943,81
1151,71.3863,
1152,71.39425,134
1153,71.4055,
1154,71.41351,104
1155,71.4187,
1156,71.42673,76
1157,71.4352,
1158,71.44316,61
1159,71.4514,
1160,71.45941,82
1161,71.4679,
1162,71.47591,18
1163,71.4843,
1164,71.49234,51
1165,71.5007,
1166,71.50870,106
1167,71.5174,
1168,71.52537,80
1169,71.5336,
1170,71.54160,41
1171,71.5726,
1172,71.58057,28
1173,71.5755,
1174,71.58346,9
1175,71.59711,9
1176,71.6044,
1177,71.61241,37
1178,71.6177,
1179,71.62569,44
1180,71.6322,
1181,71.64021,21
1182,71.655,
1183,71.66296,52
1184,71.6651,
1185,71.67306,41
1186,71.6815,
1187,71.68947,66
1188,71.6982,
1189,71.70622,98
1190,71.7144,
1191,71.72235,67
1192,71.7315,
1193,71.73946,8
1194,71.75513,8
1195,71.7636,
1196,71.77160,23
1197,71.78,
1198,71.78802,20
1199,71.7965,
1200,71.80446,11
1201,71.82126,11
1202,71.8293,
1203,71.83731,-8
1204,71.8459,
1205,71.85394,17
1206,71.8621,
1207,71.87014,50
1208,71.8791,
1209,71.88707,37
1210,71.895,
1211,71.90302,16
1212,71.9126,
1213,71.92065,54
1214,71.9299,
1215,71.93790,27
1216,71.9443,
1217,71.95230,75
1218,71.9608,
1219,71.96877,-4
1220,71.9772,
1221,71.98519,19
1222,72.00163,19
1223,72.01802,19
1224,72.0281,
1225,72.03606,48
1226,72.0431,
1227,72.05109,61
1228,72.06734,61
1229,72.076,
1230,72.08397,74
1231,72.0921,
1232,72.10014,85
1233,72.1086,
1234,72.11662,54
1235,72.125,
1236,72.13299,1
1237,72.1415,
1238,72.14948,54
1239,72.1579,
1240,72.16591,26
1241,72.1744,
1242,72.18241,50
1243,72.1908,
1244,72.19878,49
1245,72.2073,
1246,72.21529,72
1247,72.2236,
1248,72.23163,49
1249,72.24,
1250,72.24804,12
1251,72.2566,
1252,72.26463,19
1253,72.2731,
1254,72.28109,26
1255,72.2893,
1256,72.29733,36
1257,72.3059,
1258,72.31391,0
1259,72.33040,0
1260,72.3389,
1261,72.34689,28
1262,72.3567,
1263,72.36465,89
1264,72.3719,
1265,72.37990,80
1266,72.3901,
1267,72.39809,71
1268,72.41228,71
1269,72.4207,
1270,72.42875,64
1271,72.4371,
1272,72.44514,67
1273,72.46273,67
1274,72.4714,
1275,72.47936,128
1276,72.4888,
1277,72.49680,119
1278,72.5034,
1279,72.51139,120
1280,72.5203,
1281,72.52825,356
1282,72.538,
1283,72.54601,-49
1284,72.5539,
1285,72.56187,-161
1286,72.5721,
1287,72.58006,-236
1288,72.5863,
1289,72.59433,-267
1290,72.6017,
1291,72.60965,-194
1292,72.618,
1293,72.62603,-84
1294,72.6411,
1295,72.64906,-106
1296,72.6507,
1297,72.65874,-5
1298,72.6875,
1299,72.69550,-45
1300,72.6902,
1301,72.69823,28
1302,72.7001,
1303,72.70808,56
1304,72.7164,
1305,72.72440,97
1306,72.7331,
1307,72.74110,83
1308,72.75742,83
1309,72.7661,
1310,72.77412,106
1311,72.7823,
1312,72.79033,118
1313,72.7986,
1314,72.80663,108
1315,72.815,
1316,72.82305,140
1317,72.84021,140
1318,72.848,
1319,72.85600,97
1320,72.877,
1321,72.88502,71
1322,72.8808,
1323,72.88876,73
1324,72.8974,
1325,72.90540,76
1326,72.9136,
1327,72.92159,55
1328,72.9301,
1329,72.93811,44
1330,72.9467,
1331,72.95466,83
1332,72.9631,
1333,72.97105,11
1334,72.9793,
1335,72.98732,64
1336,72.9958,
1337,73.00376,71
1338,73.0122,
1339,73.02018,57
1340,73.0287,
1341,73.03670,53
1342,73.0453,
1343,73.05330,42
1344,73.0616,
1345,73.06956,59
1346,73.0779,
1347,73.08587,106
1348,73.0974,
1349,73.10537,55
1350,73.1108,
1351,73.11877,39
1352,73.1272,
1353,73.13521,21
1354,73.15164,21
1355,73.1603,
1356,73.16834,72
1357,73.1765,
1358,73.18446,42
1359,73.1932,
1360,73.20124,36
1361,73.2093,
1362,73.21732,76
1363,73.2259,
1364,73.23390,35
1365,73.2421,
1366,73.25014,29
1367,73.2586,
1368,73.26659,39
1369,73.2751,
1370,73.28313,0
1371,73.29958,0
1372,73.3087,
1373,73.31672,-2
1374,73.3245,
1375,73.33252,56
1376,73.34893,56
1377,73.36535,56
1378,73.3801,
1379,73.38813,61
1380,73.3907,
1381,73.39874,45
1382,73.4064,
1383,73.41444,37
1384,73.425,
1385,73.43303,34
1386,73.4393,
1387,73.44730,20
1388,73.4558,
1389,73.46375,58
1390,73.4728,
1391,73.48075,65
1392,73.49656,65
1393,73.505,
1394,73.51302,73
1395,73.5215,
1396,73.52945,67
1397,73.5384,
1398,73.54638,66
1399,73.5545,
1400,73.56253,65
1401,73.5709,
1402,73.57887,17
1403,73.5872,
1404,73.59520,36
1405,73.6038,
1406,73.61175,92
1407,73.6204,
1408,73.62840,23
1409,73.6366,
1410,73.64459,2
1411,73.6531,
1412,73.66112,29
1413,73.67747,29
1414,73.6868,
1415,73.69476,44
1416,73.7111,
1417,73.71912,56
1418,73.7194,
1419,73.72736,49
1420,73.7407,
1421,73.74873,35
1422,73.7541,
1423,73.76208,17
1424,73.7702,
1425,73.77818,38
1426,73.7896,
1427,73.79760,39
1428,73.8037,
1429,73.81169,51
1430,73.82741,51
1431,73.84491,51
1432,73.8533,
1433,73.86126,71
1434,73.8693,
1435,73.87732,11
1436,73.8829,
1437,73.89090,64
1438,73.8993,
1439,73.90729,96
1440,73.9208,
1441,73.92879,45
1442,74.0328,
1443,74.04078,37
1444,74.0539,
1445,74.06194,24
1446,74.06846,24
1447,74.0638,
1448,74.07177,2
1449,74.081,
1450,74.08904,49
1451,74.0988,
1452,74.10682,23
1453,74.1132,
1454,74.12117,12
1455,74.1307,
1456,74.13866,11
1457,74.1458,
1458,74.15376,59
1459,74.1623,
1460,74.17034,82
1461,74.1786,
1462,74.18664,25
1463,74.1965,
1464,74.20450,101
1465,74.2114,
1466,74.21942,112
1467,74.2281,
1468,74.23605,80
1469,74.2443,
1470,74.25233,55
1471,74.2609,
1472,74.26885,81
1473,74.2772,
1474,74.28522,135
1475,74.2937,
1476,74.30167,80
1477,74.3101,
1478,74.31808,51
1479,74.33458,51
1480,74.35250,51
1481,74.36748,51
1482,74.38496,51
1483,74.40015,51
1484,74.41663,51
1485,74.43307,51
1486,74.44949,51
1487,74.46606,51
1488,74.48248,51
1489,74.49876,51
1490,74.51545,51
1491,74.53159,51
1492,74.54805,51
1493,74.56456,51
1494,74.58089,51
1495,74.59733,51
1496,74.61380,51
1497,74.63053,51
1498,74.64676,51
1499,74.66437,51
1500,74.67967,51
1501,74.69620,51
1502,74.71395,51
1503,74.72869,51
1504,74.74523,51
1505,74.76160,51
1506,74.77814,51
1507,74.79455,51
1508,74.81691,51
1509,74.82902,51
1510,74.86516,51
1511,74.86769,51
1512,74.88177,51
1513,74.89417,51
1514,74.91081,51
1515,74.92669,51
1516,74.94418,51
1517,74.95932,51
1518,74.97598,51
1519,74.99480,51
1520,75.00869,51
1521,75.02531,51
1522,75.04125,51
1523,75.05734,51
1524,75.07378,51
1525,75.09593,51
1526,75.10703,51
1527,75.12305,51
1528,75.13950,51
1529,75.15591,51
1530,75.17235,51
1531,75.1809,
1532,75.18885,17
1533,75.1972,
1534,75.20519,-22
1535,75.2138,
1536,75.22178,11
1537,75.23,
1538,75.23800,44
1539,75.2466,
1540,75.25458,12
1541,75.263,
1542,75.27099,7
1543,75.2794,
1544,75.28744,3
1545,75.2958,
1546,75.30376,305
1547,75.3123,
1548,75.32034,489
1549,75.3286,
1550,75.33662,85
1551,75.3451,
1552,75.35309,-377
1553,75.3616,
1554,75.36964,-346
1555,75.38601,-346
1556,75.40258,-346
1557,75.42243,-346
1558,75.4273,
1559,75.43533,-37
1560,75.4452,
1561,75.45316,53
1562,75.4601,
1563,75.46807,161
1564,75.4765,
1565,75.48453,132
1566,75.4931,
1567,75.50111,54
1568,75.5101,
1569,75.51810,113
1570,75.5258,
1571,75.53375,123
1572,75.5426,
1573,75.55056,128
1574,75.5587,
1575,75.56665,85
1576,75.5751,
1577,75.58307,18
1578,75.5915,
1579,75.59949,19
1580,75.608,
1581,75.61595,40
1582,75.6244,
1583,75.63235,55
1584,75.64940,55
1585,75.6573,
1586,75.66525,58
1587,75.68174,58
1588,75.6901,
1589,75.69810,34
1590,75.7065,
1591,75.71451,72
1592,75.7228,
1593,75.73082,81
1594,75.7393,
1595,75.74729,28
1596,75.7558,
1597,75.76377,39
1598,75.7721,
1599,75.78011,50
1600,75.7953,
1601,75.80335,-2
1602,75.8051,
1603,75.81307,85
1604,75.8225,
1605,75.83049,49
1606,75.838,
1607,75.84604,65
1608,75.8544,
1609,75.86237,43
1610,75.8707,
1611,75.87870,-17
1612,75.8876,
1613,75.89560,40
1614,75.9037,
1615,75.91170,118
1616,75.9977,
1617,76.00568,73
1618,76.0287,
1619,76.03670,43
1620,76.0539,
1621,76.06186,65
1622,76.0605,
1623,76.06850,50
1624,76.08443,50
1625,76.08951,50
1626,76.11872,50
1627,76.13300,50
1628,76.14391,50
1629,76.14968,50
1630,76.15384,50
1631,76.15858,50
1632,76.16086,50
1633,76.16317,50
1634,76.17146,50
1635,76.17841,50
1636,76.19308,50
1637,76.21381,50
1638,76.22572,50
1639,76.24226,50
1640,76.25688,50
1641,76.27325,50
1642,76.28966,50
1643,76.30708,50
1644,76.32240,50
1645,76.33993,50
1646,76.35534,50
1647,76.37167,50
1648,76.38809,50
1649,76.41027,50
1650,76.42097,50
1651,76.44591,50
1652,76.45377,50
1653,76.47021,50
1654,76.48669,50
1655,76.50315,50
1656,76.51952,50
1657,76.53647,50
1658,76.55224,50
1659,76.56876,50
1660,76.58802,50
1661,76.60169,50
1662,76.61799,50
1663,76.63461,50
1664,76.65095,50
1665,76.66736,50
1666,76.68388,50
1667,76.70020,50
1668,76.71663,50
1669,76.73309,50
1670,76.74960,50
1671,76.76649,50
1672,76.78512,50
1673,76.7907,
1674,76.79874,38
1675,76.8073,
1676,76.81533,16
1677,76.8236,
1678,76.83160,27
1679,76.8401,
1680,76.84812,90
1681,76.8565,
1682,76.86450,57
1683,76.8729,
1684,76.88093,65
1685,76.8893,
1686,76.89733,36
1687,76.9057,
1688,76.91375,16
1689,76.9222,
1690,76.93021,-30
1691,76.9388,
1692,76.94678,12
1693,77.0457,
1694,77.05370,84
1695,77.0608,
1696,77.06884,90
1697,77.1731,
1698,77.18109,121
1699,77.1837,
1700,77.19165,82
1701,77.20222,82
1702,77.1974,
1703,77.20540,122
1704,77.21333,122
1705,77.22077,122
1706,77.22747,122
1707,77.23056,122
1708,77.24294,122
1709,77.25893,122
1710,77.27571,122
1711,77.2839,
1712,77.29194,67
1713,77.3002,
1714,77.30816,109
1715,77.317,
1716,77.32498,252
1717,77.3334,
1718,77.34138,68
1719,77.3507,
1720,77.35865,-55
1721,77.3669,
1722,77.37487,-124
1723,77.3825,
1724,77.39050,-35
1725,77.4,
1726,77.40798,-25
1727,77.4151,
1728,77.42307,67
1729,77.4333,
1730,77.44134,64
1731,77.4484,
1732,77.45639,74
1733,77.4675,
1734,77.47554,55
1735,77.4829,
1736,77.49088,52
1737,77.4979,
1738,77.50591,75
1739,77.5224,
1740,77.53041,124
1741,77.5336,
1742,77.54163,108
1743,77.558,
1744,77.56604,76
1745,77.5639,
1746,77.57185,86
1747,77.58743,86
1748,77.5958,
1749,77.60378,76
1750,77.6123,
1751,77.62032,44
1752,77.6287,
1753,77.63665,330
1754,77.645,
1755,77.65303,116
1756,77.6615,
1757,77.66950,-371
1758,77.6779,
1759,77.68594,-338
1760,77.6943,
1761,77.70229,-122
1762,77.7108,
1763,77.71878,27
1764,77.7272,
1765,77.73518,70
1766,77.7439,
1767,77.75191,119
1768,77.7601,
1769,77.76809,102
1770,77.7765,
1771,77.78454,48
1772,77.80114,48
1773,77.8179,
1774,77.82593,65
1775,77.8262,
1776,77.83420,92
1777,77.843,
1778,77.85103,88
1779,77.8587,
1780,77.86669,59
1781,77.8751,
1782,77.88309,85
1783,77.892,
1784,77.90000,36
1785,77.9081,
1786,77.91605,68
1787,77.9243,
1788,77.93232,32
1789,77.9413,
1790,77.94935,133
1791,77.9572,
1792,77.96516,103
1793,77.9737,
1794,77.98169,3
1795,77.99808,3
1796,78.0065,
1797,78.01450,18
1798,78.0232,
1799,78.03120,70
1800,78.0413,
1801,78.04929,41
1802,78.0558,
1803,78.06377,64
1804,78.08038,64
1805,78.09906,64
1806,78.11320,64
1807,78.13591,64
1808,78.14661,64
1809,78.16866,64
1810,78.17963,64
1811,78.19528,64
1812,78.21175,64
1813,78.22842,64
1814,78.24457,64
1815,78.26308,64
1816,78.28779,64
1817,78.29385,64
1818,78.31733,64
1819,78.32687,64
1820,78.34309,64
1821,78.35947,64
1822,78.37605,64
1823,78.39233,64
1824,78.40876,64
1825,78.42679,64
1826,78.44161,64
1827,78.46050,64
1828,78.47445,64
1829,78.49093,64
1830,78.50755,64
1831,78.52425,64
1832,78.54086,64
1833,78.55803,64
1834,78.57381,64
1835,78.59054,64
1836,78.60816,64
1837,78.62311,64
1838,78.63955,64
1839,78.65865,64
1840,78.67199,64
1841,78.68833,64
1842,78.70980,64
1843,78.72100,64
1844,78.74052,64
1845,78.7457,
1846,78.75371,53
1847,78.7623,
1848,78.77026,45
1849,78.78668,45
1850,78.7952,
1851,78.80318,81
1852,78.8117,
1853,78.81965,42
1854,78.828,
1855,78.83604,-5
1856,78.8443,
1857,78.85229,4
1858,78.8608,
1859,78.86879,-1
1860,78.8771,
1861,78.88513,55
1862,78.8937,
1863,78.90173,52
1864,78.9101,
1865,78.91808,73
1866,78.9288,
1867,78.93679,-7
1868,78.943,
1869,78.95095,34
1870,78.9594,
1871,78.96735,55
1872,78.98986,55
1873,78.9929,
1874,79.00085,92
1875,79.0086,
1876,79.01662,162
1877,79.0325,
1878,79.04047,89
1879,79.0429,
1880,79.05090,59
1881,79.069,
1882,79.07704,34
1883,79.0744,
1884,79.08240,74
1885,79.0908,
1886,79.09882,66
1887,79.1073,
1888,79.11530,42
1889,79.1238,
1890,79.13182,44
1891,79.1402,
1892,79.14817,112
1893,79.1567,
1894,79.16468,7
1895,79.176,
1896,79.18398,18
1897,79.1895,
1898,79.19746,6
1899,79.2065,
1900,79.21449,64
1901,79.2227,
1902,79.23070,209
1903,79.2388,
1904,79.24677,355
1905,79.2655,
1906,79.27345,248
1907,79.2716,
1908,79.27959,-91
1909,79.3046,
1910,79.31263,-279
1911,79.3075,
1912,79.31551,-233
1913,79.33201,-233
1914,79.41693,-233
1915,79.43548,-233
1916,79.46141,-233
1917,79.46727,-233
1918,79.47252,-233
1919,79.47803,-233
1920,79.48277,-233
1921,79.48581,-233
1922,79.49325,-233
1923,79.51219,-233
1924,79.55279,-233
1925,79.56976,-233
1926,79.57872,-233
1927,79.58250,-233
1928,79.61977,-233
1929,79.62610,-233
1930,79.64322,-233
1931,79.64712,-233
1932,79.66103,-233
1933,79.73830,-233
1934,79.7811,
1935,79.78905,-101
1936,79.8433,
1937,79.85126,32
1938,79.88895,32
1939,79.8934,
1940,79.90137,101
1941,79.9713,
1942,79.97927,67
1943,80.423,
1944,80.43095,51
1945,80.6072,
1946,80.61517,87
1947,80.6732,
1948,80.68124,117
1949,80.7747,
1950,80.78267,209
1951,80.8543,
1952,80.86230,486
1953,80.8873,
1954,80.89532,449
1955,80.92591,449
1956,80.96764,449
1957,80.9667,
1958,80.97467,-142
1959,80.9857,
1960,80.99374,-177
1961,80.99792,-177
1962,81.0224,
1963,81.03043,-387
1964,81.0546,
1965,81.06255,-473
1966,81.10381,-473
1967,81.1193,
1968,81.12727,-485
1969,81.1243,
1970,81.13232,-465
1971,81.15824,-465
1972,81.16302,-465
1973,81.17476,-465
1974,81.17810,-465
1975,81.18135,-465
1976,81.20036,-465
1977,81.21026,-465
1978,81.21362,-465
1979,81.24118,-465
1980,81.24668,-465
1981,81.29822,-465
1982,81.30140,-465
1983,81.32872,-465
1984,81.35105,-465
1985,81.35646,-465
1986,81.36350,-465
1987,81.39563,-465
1988,81.42058,-465
1989,81.42360,-465
1990,81.42538,-465
1991,81.56839,-465
1992,81.66386,-465
1993,81.67833,-465
1994,81.68964,-465
1995,81.69303,-465
1996,81.69592,-465
1997,81.71017,-465
1998,81.71706,-465
1999,81.72132,-465
2000,81.72321,-465
2001,81.72500,-465
2002,81.72746,-465
2003,81.75610,-465
2004,81.76065,-465
2005,81.78523,-465
2006,81.79599,-465
2007,81.81285,-465
2008,81.82608,-465
2009,81.84973,-465
2010,81.85889,-465
2011,81.87579,-465
2012,81.89169,-465
2013,81.90833,-465
2014,81.92463,-465
2015,81.94100,-465
2016,81.95743,-465
2017,81.98103,-465
2018,82.01398,-465
2019,82.01690,-465
2020,82.02351,-465
2021,82.04543,-465
2022,82.06749,-465
2023,82.07402,-465
2024,82.08929,-465
2025,82.10521,-465
2026,82.12172,-465
2027,82.14832,-465
2028,82.15474,-465
2029,82.17741,-465
2030,82.18904,-465
2031,82.20927,-465
2032,82.22063,-465
2033,82.23786,-465
2034,82.25348,-465
2035,82.27467,-465
2036,82.28658,-465
2037,82.30410,-465
2038,82.32029,-465
2039,82.33536,-465
2040,82.35790,-465
2041,82.36821,-465
2042,82.38464,-465
2043,82.40939,-465
2044,82.41743,-465
2045,82.44075,-465
2046,82.45528,-465
2047,82.46700,-465
2048,82.48315,-465
2049,82.50134,-465
2050,82.51592,-465
2051,82.53417,-465
2052,82.54877,-465
2053,82.56530,-465
2054,82.59290,-465
2055,82.60124,-465
2056,82.61456,-465
2057,82.63689,-465
2058,82.64741,-465
2059,82.66397,-465
2060,82.68034,-465
2061,82.69684,-465
2062,82.71314,-465
2063,82.7216,
2064,82.72963,-314
2065,82.738,
2066,82.74603,-97
2067,82.7545,
2068,82.76249,7
2069,82.7709,
2070,82.77888,166
2071,82.7872,
2072,82.79517,151
2073,82.8066,
2074,82.81458,135
2075,82.8203,
2076,82.82828,130
2077,82.8366,
2078,82.84457,72
2079,82.8532,
2080,82.86118,60
2081,82.8694,
2082,82.87740,115
2083,82.8858,
2084,82.89381,96
2085,82.9024,
2086,82.91037,55
2087,82.9188,
2088,82.92677,3
2089,82.9352,
2090,82.94317,59
2091,82.9519,
2092,82.95990,99
2093,82.968,
2094,82.97604,121
2095,82.99244,121
2096,83.02174,121
2097,83.02537,121
2098,83.04218,121
2099,83.06152,121
2100,83.07520,121
2101,83.10979,121
2102,83.14959,121
2103,83.16290,121
2104,83.16695,121
2105,83.17667,121
2106,83.18190,121
2107,83.19464,121
2108,83.20667,121
2109,83.22239,121
2110,83.23882,121
2111,83.25585,121
2112,83.27168,121
2113,83.28809,121
2114,83.30459,121
2115,83.32096,121
2116,83.33747,121
2117,83.35396,121
2118,83.37038,121
2119,83.38676,121
2120,83.40308,121
2121,83.41969,121
2122,83.43605,121
2123,83.45271,121
2124,83.46893,121
2125,83.48570,121
2126,83.50187,121
2127,83.51825,121
2128,83.53564,121
2129,83.55192,121
2130,83.56750,121
2131,83.58401,121
2132,83.60327,121
2133,83.61667,121
2134,83.63665,121
2135,83.6416,
2136,83.64964,135
2137,83.6581,
2138,83.66608,74
2139,83.6745,
2140,83.68248,76
2141,83.6909,
2142,83.69888,27
2143,83.7074,
2144,83.71539,57
2145,83.7237,
2146,83.73170,43
2147,83.7402,
2148,83.74823,23
2149,83.7646,
2150,83.77264,44
2151,83.773,
2152,83.78105,97
2153,83.7894,
2154,83.79738,88
2155,83.806,
2156,83.81398,67
2157,83.8222,
2158,83.83021,4
2159,83.8387,
2160,83.84665,20
2161,83.8551,
2162,83.86310,2
2163,83.8717,
2164,83.87968,83
2165,83.89610,83
2166,83.91268,83
2167,83.93831,83
2168,83.94790,83
2169,83.96481,83
2170,83.98660,83
2171,83.99463,83
2172,84.01438,83
2173,84.02740,83
2174,84.04388,83
2175,84.06248,83
2176,84.07672,83
2177,84.09318,83
2178,84.10963,83
2179,84.12611,83
2180,84.15086,83
2181,84.17127,83
2182,84.17781,83
2183,84.19176,83
2184,84.21015,83
2185,84.27187,83
2186,84.30869,83
2187,84.32663,83
2188,84.35497,83
2189,84.38989,83
2190,84.39580,83
2191,84.39969,83
2192,84.40474,83
2193,84.40749,83
2194,84.44311,83
2195,84.44848,83
2196,84.45690,83
2197,84.49578,83
2198,84.49966,83
2199,84.50514,83
2200,84.53667,83
2201,84.53986,83
2202,84.55318,83
2203,84.56966,83
2204,84.58631,83
2205,84.60252,83
2206,84.61939,83
2207,84.63564,83
2208,84.65256,83
2209,84.66837,83
2210,84.6769,
2211,84.68488,72
2212,84.6939,
2213,84.70191,51
2214,84.7101,
2215,84.71815,21
2216,84.7268,
2217,84.73485,50
2218,84.7425,
2219,84.75051,36
2220,84.7601,
2221,84.76814,128
2222,84.7753,
2223,84.78326,45
2224,84.7935,
2225,84.80151,32
2226,84.808,
2227,84.81602,53
2228,84.8245,
2229,84.83250,91
2230,84.8408,
2231,84.84880,55
2232,84.8579,
2233,84.86593,90
2234,84.8738,
2235,84.88177,45
2236,84.8908,
2237,84.89884,33
2238,84.91452,33
2239,84.93336,33
2240,84.9445,
2241,84.95246,53
2242,84.9559,
2243,84.96391,61
2244,84.9723,
2245,84.98033,102
2246,84.9914,
2247,84.99940,86
2248,85.0051,
2249,85.01313,25
2250,85.0216,
2251,85.02958,2
2252,85.0387,
2253,85.04671,-23
2254,85.0545,
2255,85.06247,38
2256,85.0716,
2257,85.07959,167
2258,85.0872,
2259,85.09520,326
2260,85.1038,
2261,85.11178,171
2262,85.1208,
2263,85.12880,-166
2264,85.1365,
2265,85.14445,-97
2266,85.1529,
2267,85.16093,-51
2268,85.1697,
2269,85.17766,52
2270,85.1861,
2271,85.19405,89
2272,85.2023,
2273,85.21027,71
2274,85.2217,
2275,85.22968,57
2276,85.24319,57
2277,85.2522,
2278,85.26019,68
2279,85.2692,
2280,85.27720,36
2281,85.2844,
2282,85.29242,37
2283,85.3008,
2284,85.30884,61
2285,85.3196,
2286,85.32758,120
2287,85.3336,
2288,85.34162,117
2289,85.3501,
2290,85.35815,76
2291,85.3666,
2292,85.37459,67
2293,85.383,
2294,85.39103,76
2295,85.3995,
2296,85.40750,66
2297,85.421,
2298,85.42899,91
2299,85.4328,
2300,85.44079,269
2301,85.46918,269
2302,85.4721,
2303,85.48006,161
2304,85.4819,
2305,85.48988,148
2306,85.5021,
2307,85.51012,85
2308,85.5148,
2309,85.52283,122
2310,85.5308,
2311,85.53883,120
2312,85.5472,
2313,85.55524,92
2314,85.5637,
2315,85.57172,-11
2316,85.5807,
2317,85.58865,55
2318,85.5971,
2319,85.60510,33
2320,85.62270,33
2321,85.6295,
2322,85.63752,91
2323,85.6463,
2324,85.65434,43
2325,85.6624,
2326,85.67038,39
2327,85.6787,
2328,85.68665,17
2329,85.697,
2330,85.70500,71
2331,85.7116,
2332,85.71955,363
2333,85.7279,
2334,85.73589,220
2335,85.7444,
2336,85.75244,-197
2337,85.7609,
2338,85.76888,-257
2339,85.7773,
2340,85.78534,-247
2341,85.7937,
2342,85.80170,-158
2343,85.8101,
2344,85.81812,-105
2345,85.8265,
2346,85.83446,-92
2347,85.843,
2348,85.85103,-99
2349,85.8594,
2350,85.86739,-27
2351,85.8775,
2352,85.88554,32
2353,85.8924,
2354,85.90043,1
2355,85.9087,
2356,85.91671,43
2357,85.9263,
2358,85.93425,72
2359,85.9416,
2360,85.94962,82
2361,85.958,
2362,85.96604,89
2363,85.9748,
2364,85.98275,93
2365,86.0047,
2366,86.01274,97
2367,86.0317,
2368,86.03970,21
2369,86.0485,
2370,86.05653,59
2371,86.0565,
2372,86.06454,113
2373,86.0731,
2374,86.08109,136
2375,86.0894,
2376,86.09739,29
2377,86.12747,29
2378,86.1259,
2379,86.13390,116
2380,86.1428,
2381,86.15081,144
2382,86.1564,
2383,86.16441,86
2384,86.1716,
2385,86.17962,80
2386,86.188,
2387,86.19595,67
2388,86.2045,
2389,86.21250,-30
2390,86.2209,
2391,86.22893,148
2392,86.2372,
2393,86.24521,58
2394,86.2538,
2395,86.26178,59
2396,86.2701,
2397,86.27809,-65
2398,86.2867,
2399,86.29466,-51
2400,86.303,
2401,86.31097,165
2402,86.3194,
2403,86.32738,106
2404,86.3358,
2405,86.34382,84
2406,86.36028,84
2407,86.3688,
2408,86.37679,40
2409,86.3868,
2410,86.39475,53
2411,86.402,
2412,86.40997,25
2413,86.4181,
2414,86.42609,-54
2415,86.4351,
2416,86.44309,-34
2417,86.4508,
2418,86.45883,-87
2419,86.47525,-87
2420,86.4869,
2421,86.49490,-52
2422,86.5003,
2423,86.50826,8
2424,86.538,
2425,86.54595,169
2426,86.549,
2427,86.55701,217
2428,86.56429,217
2429,86.57515,217
2430,86.59702,217
2431,86.60843,217
2432,86.62326,217
2433,86.64332,217
2434,86.6484,
2435,86.65644,225
2436,86.6646,
2437,86.67262,251
2438,86.6811,
2439,86.68906,164
2440,86.6973,
2441,86.70531,83
2442,86.7178,
2443,86.72578,124
2444,86.7302,
2445,86.73819,114
2446,86.7466,
2447,86.75462,42
2448,86.7631,
2449,86.77113,4
2450,86.7795,
2451,86.78746,124
2452,86.796,
2453,86.80396,5
2454,86.8132,
2455,86.82120,-1
2456,86.8288,
2457,86.83684,168
2458,86.8452,
2459,86.85320,154
2460,86.8623,
2461,86.87034,-33
2462,86.878,
2463,86.88599,-107
2464,86.8945,
2465,86.90252,-113
2466,86.9114,
2467,86.91936,-53
2468,86.9274,
2469,86.93539,40
2470,86.9437,
2471,86.95171,-38
2472,86.9603,
2473,86.96834,123
2474,86.9767,
2475,86.98470,20
2476,86.9944,
2477,87.00237,-71
2478,87.0095,
2479,87.01749,-60
2480,87.0277,
2481,87.03567,-102
2482,87.05428,-102
2483,87.06728,-102
2484,87.08368,-102
2485,87.10165,-102
2486,87.11677,-102
2487,87.1497,
2488,87.15775,-60
2489,87.1543,
2490,87.16225,-87
2491,87.17725,-87
2492,87.1749,
2493,87.18288,17
2494,87.1961,
2495,87.20409,-120
2496,87.2116,
2497,87.21956,13
2498,87.2288,
2499,87.23679,8
2500,87.2417,
2501,87.24968,65
2502,87.2573,
2503,87.26533,19
2504,87.2727,
2505,87.28072,275
2506,87.2888,
2507,87.29676,102
2508,87.3054,
2509,87.31342,170
2510,87.3217,
2511,87.32969,192
2512,87.3463,
2513,87.35430,51
2514,87.363,
2515,87.37103,183
2516,87.3874,
2517,87.39544,131
2518,87.3937,
2519,87.40166,3
2520,87.41865,3
2521,87.434,
2522,87.44197,80
2523,87.4417,
2524,87.44969,-55
2525,87.453,
2526,87.46101,114
2527,87.4752,
2528,87.48323,4
2529,87.487,
2530,87.49498,-51
2531,87.5042,
2532,87.51224,43
2533,87.5285,
2534,87.53647,77
2535,87.5375,
2536,87.54552,155
2537,87.5516,
2538,87.55963,119
2539,87.568,
2540,87.57603,56
2541,87.5845,
2542,87.59252,131
2543,87.6021,
2544,87.61005,180
2545,87.6183,
2546,87.62630,161
2547,87.6494,
2548,87.65738,56
2549,87.6547,
2550,87.66268,2
2551,87.67691,2
2552,87.6887,
2553,87.69672,81
2554,87.6994,
2555,87.70737,128
2556,87.7173,
2557,87.72527,232
2558,87.7338,
2559,87.74179,301
2560,87.7497,
2561,87.75770,227
2562,87.77322,227
2563,87.78971,227
2564,87.81051,227
2565,87.8161,
2566,87.82411,236
2567,87.8318,
2568,87.83977,187
2569,87.8474,
2570,87.85539,-21
2571,87.8638,
2572,87.87185,-75
2573,87.8803,
2574,87.88826,-169
2575,87.897,
2576,87.90501,-218
2577,87.9131,
2578,87.92109,-133
2579,87.9366,
2580,87.94457,-35
2581,87.946,
2582,87.95395,33
2583,87.9623,
2584,87.97029,-53
2585,87.993,
2586,88.00102,84
2587,87.9975,
2588,88.00546,106
2589,88.0133,
2590,88.02129,90
2591,88.029,
2592,88.03700,132
2593,88.0457,
2594,88.05375,9
2595,88.0771,
2596,88.08512,-21
2597,88.0816,
2598,88.08958,-3
2599,88.10180,-3
2600,88.1101,
2601,88.11812,118
2602,88.1344,
2603,88.14243,89
2604,88.1431,
2605,88.15108,87
2606,88.1595,
2607,88.16751,-9
2608,88.1759,
2609,88.18394,-43
2610,88.1997,
2611,88.20771,49
2612,88.2093,
2613,88.21731,58
2614,88.2262,
2615,88.23422,54
2616,88.2417,
2617,88.24968,-7
2618,88.27503,-7
2619,88.28266,-7
2620,88.30267,-7
2621,88.32683,-7
2622,88.3246,
2623,88.33256,35
2624,88.35775,35
2625,88.3655,
2626,88.37350,-12
2627,88.3755,
2628,88.38352,86
2629,88.3911,
2630,88.39905,89
2631,88.4116,
2632,88.41959,10
2633,88.4267,
2634,88.43468,52
2635,88.4417,
2636,88.44968,58
2637,88.4596,
2638,88.46762,65
2639,88.4718,
2640,88.47980,84
2641,88.488,
2642,88.49599,-9
2643,88.5079,
2644,88.51588,32
2645,88.5211,
2646,88.52905,50
2647,88.5375,
2648,88.54551,101
2649,88.5594,
2650,88.56740,24
2651,88.5706,
2652,88.57862,-25
2653,88.5945,
2654,88.60253,6
2655,88.6184,
2656,88.62641,-2
2657,88.621,
2658,88.62903,43
2659,88.636,
2660,88.64404,134
2661,88.6524,
2662,88.66037,272
2663,88.669,
2664,88.67696,299
2665,88.6852,
2666,88.69322,156
2667,88.7019,
2668,88.70992,84
2669,88.7195,
2670,88.72755,58
2671,88.7633,
2672,88.77132,3
2673,88.7911,
2674,88.79914,-139
2675,88.8059,
2676,88.81387,-49
2677,88.8213,
2678,88.82928,-99
2679,88.83540,-99
2680,88.84209,-99
2681,88.84560,-99
2682,88.86005,-99
2683,88.87598,-99
2684,88.90325,-99
2685,88.899,
2686,88.90701,9
2687,88.9154,
2688,88.92335,-12
2689,88.935,
2690,88.94302,-34
2691,88.9481,
2692,88.95608,2
2693,88.9658,
2694,88.97376,-38
2695,88.9808,
2696,88.98881,-102
2697,89.0866,
2698,89.09464,-29
2699,89.1174,
2700,89.12541,4
2701,89.1262,
2702,89.13418,77
2703,89.14185,77
2704,89.15092,77
2705,89.1459,
2706,89.15390,67
2707,89.18647,67
2708,89.1906,
2709,89.19857,68
2710,89.194,
2711,89.20202,120
2712,89.2015,
2713,89.20954,151
2714,89.2109,
2715,89.21894,150
2716,89.2273,
2717,89.23528,129
2718,89.2438,
2719,89.25182,21
2720,89.2602,
2721,89.26819,35
2722,89.2767,
2723,89.28466,-7
2724,89.2938,
2725,89.30177,83
2726,89.3121,
2727,89.32013,123
2728,89.3261,
2729,89.33412,67
2730,89.3498,
2731,89.35779,141
2732,89.3587,
2733,89.36674,194
2734,89.3751,
2735,89.38314,214
2736,89.3942,
2737,89.40224,100
2738,89.4081,
2739,89.41608,25
2740,89.43291,25
2741,89.44996,25
2742,89.48412,25
2743,89.49249,25
2744,89.50538,25
2745,89.51598,25
2746,89.54093,25
2747,89.55030,25
2748,89.56702,25
2749,89.58394,25
2750,89.60228,25
2751,89.61505,25
2752,89.63329,25
2753,89.64889,25
2754,89.66292,25
2755,89.68719,25
2756,89.69539,25
2757,89.71202,25
2758,89.72840,25
2759,89.74482,25
2760,89.76154,25
2761,89.79047,25
2762,89.79415,25
2763,89.81041,25
2764,89.82692,25
2765,89.84315,25
2766,89.87724,25
2767,89.88964,25
2768,89.90882,25
2769,89.92165,25
2770,89.93141,25
2771,89.94724,25
2772,89.95975,25
2773,89.97459,25
2774,89.99110,25
2775,90.00751,25
2776,90.02400,25
2777,90.04120,25
2778,90.06129,25
2779,90.07322,25
2780,90.08967,25
2781,90.10606,25
2782,90.12257,25
2783,90.13895,25
2784,90.15787,25
2785,90.17171,25
2786,90.19332,25
2787,90.20765,25
2788,90.22110,25
2789,90.23777,25
2790,90.25429,25
2791,90.27027,25
2792,90.28777,25
2793,90.30318,25
2794,90.31960,25
2795,90.34824,25
2796,90.35268,25
2797,90.3612,STOP_EYETRACKER 200
